{"cameraMode":{"drawMode":0,"name":"Shaded","section":"Shading Mode"},"sceneLighting":true,"audioPlay":false,"sceneViewState":{"showFog":true,"showMaterialUpdate":false,"showSkybox":true,"showFlares":true,"showImageEffects":true,"showParticleSystems":true},"in2DMode":false,"pivot":{"x":0.826816976070404,"y":-5.902275562286377,"z":11.353012084960938},"rotation":{"x":0.23639430105686189,"y":0.03496675193309784,"z":-0.00851142406463623,"w":0.9709945917129517},"size":13.608617782592774,"orthographic":false}